card_id,name,set,variant_id,condition,current_price,pull_date
510148,Hades - King of Olympus (Enchanted),the-first-chapter-disney-lorcana,disney-lorcana-the-first-chapter-hades-king-of-olympus-enchanted-enchanted_near-mint_holofoil,Near Mint,64.06,2026-03-18
510152,Stitch - Carefree Surfer (Enchanted),the-first-chapter-disney-lorcana,disney-lorcana-the-first-chapter-stitch-carefree-surfer-enchanted-enchanted_near-mint_holofoil,Near Mint,180.29,2026-03-18
510153,Elsa - Spirit of Winter (Enchanted),the-first-chapter-disney-lorcana,disney-lorcana-the-first-chapter-elsa-spirit-of-winter-enchanted-enchanted_near-mint_holofoil,Near Mint,651.21,2026-03-18
510154,Mickey Mouse - Wayward Sorcerer (Enchanted),the-first-chapter-disney-lorcana,disney-lorcana-the-first-chapter-mickey-mouse-wayward-sorcerer-enchanted-enchanted_near-mint_holofoil,Near Mint,141.43,2026-03-18
510155,Genie - On the Job (Enchanted),the-first-chapter-disney-lorcana,disney-lorcana-the-first-chapter-genie-on-the-job-enchanted-enchanted_near-mint_holofoil,Near Mint,68.66,2026-03-18
510156,Mickey Mouse - Artful Rogue (Enchanted),the-first-chapter-disney-lorcana,disney-lorcana-the-first-chapter-mickey-mouse-artful-rogue-enchanted-enchanted_near-mint_holofoil,Near Mint,96.04,2026-03-18
510157,Aladdin - Heroic Outlaw (Enchanted),the-first-chapter-disney-lorcana,disney-lorcana-the-first-chapter-aladdin-heroic-outlaw-enchanted-enchanted_near-mint_holofoil,Near Mint,66.51,2026-03-18
510158,Maui - Hero to All (Enchanted),the-first-chapter-disney-lorcana,disney-lorcana-the-first-chapter-maui-hero-to-all-enchanted-enchanted_near-mint_holofoil,Near Mint,94.59,2026-03-18
510159,Aurora - Dreaming Guardian (Enchanted),the-first-chapter-disney-lorcana,disney-lorcana-the-first-chapter-aurora-dreaming-guardian-enchanted-enchanted_near-mint_holofoil,Near Mint,134.21,2026-03-18
510161,Belle - Strange but Special (Enchanted),the-first-chapter-disney-lorcana,disney-lorcana-the-first-chapter-belle-strange-but-special-enchanted-enchanted_near-mint_holofoil,Near Mint,177.36,2026-03-18
510162,Simba - Returned King (Enchanted),the-first-chapter-disney-lorcana,disney-lorcana-the-first-chapter-simba-returned-king-enchanted-enchanted_near-mint_holofoil,Near Mint,100.35,2026-03-18
510163,Tinker Bell - Giant Fairy (Enchanted),the-first-chapter-disney-lorcana,disney-lorcana-the-first-chapter-tinker-bell-giant-fairy-enchanted-enchanted_near-mint_holofoil,Near Mint,159.38,2026-03-18
527802,Cinderella - Ballroom Sensation (Enchanted),rise-of-the-floodborn-disney-lorcana,disney-lorcana-rise-of-the-floodborn-cinderella-ballroom-sensation-enchanted-enchanted_near-mint_holofoil,Near Mint,149.85,2026-03-18
527799,Snow White - Well Wisher (Enchanted),rise-of-the-floodborn-disney-lorcana,disney-lorcana-rise-of-the-floodborn-snow-white-well-wisher-enchanted-enchanted_near-mint_holofoil,Near Mint,68.09,2026-03-18
527797,Arthur - Wizard's Apprentice (Enchanted),rise-of-the-floodborn-disney-lorcana,disney-lorcana-rise-of-the-floodborn-arthur-wizard-s-apprentice-enchanted-enchanted_near-mint_holofoil,Near Mint,32.47,2026-03-18
528107,Madam Mim - Purple Dragon (Enchanted),rise-of-the-floodborn-disney-lorcana,disney-lorcana-rise-of-the-floodborn-madam-mim-purple-dragon-enchanted-enchanted_near-mint_holofoil,Near Mint,27.28,2026-03-18
528108,Pete - Bad Guy (Enchanted),rise-of-the-floodborn-disney-lorcana,disney-lorcana-rise-of-the-floodborn-pete-bad-guy-enchanted-enchanted_near-mint_holofoil,Near Mint,24.01,2026-03-18
527800,Beast - Relentless (Enchanted),rise-of-the-floodborn-disney-lorcana,disney-lorcana-rise-of-the-floodborn-beast-relentless-enchanted-enchanted_near-mint_holofoil,Near Mint,35.36,2026-03-18
528109,Lady Tremaine - Imperious Queen (Enchanted),rise-of-the-floodborn-disney-lorcana,disney-lorcana-rise-of-the-floodborn-lady-tremaine-imperious-queen-enchanted-enchanted_near-mint_holofoil,Near Mint,26.7,2026-03-18
528110,Shere Khan - Menacing Predator (Enchanted),rise-of-the-floodborn-disney-lorcana,disney-lorcana-rise-of-the-floodborn-shere-khan-menacing-predator-enchanted-enchanted_near-mint_holofoil,Near Mint,46.22,2026-03-18
528111,Alice - Growing Girl (Enchanted),rise-of-the-floodborn-disney-lorcana,disney-lorcana-rise-of-the-floodborn-alice-growing-girl-enchanted-enchanted_near-mint_holofoil,Near Mint,90.11,2026-03-18
528112,Sisu - Divine Water Dragon (Enchanted),rise-of-the-floodborn-disney-lorcana,disney-lorcana-rise-of-the-floodborn-sisu-divine-water-dragon-enchanted-enchanted_near-mint_holofoil,Near Mint,35.01,2026-03-18
528113,Hercules - Divine Hero (Enchanted),rise-of-the-floodborn-disney-lorcana,disney-lorcana-rise-of-the-floodborn-hercules-divine-hero-enchanted-enchanted_near-mint_holofoil,Near Mint,32.18,2026-03-18
527798,Namaari - Morning Mist (Enchanted),rise-of-the-floodborn-disney-lorcana,disney-lorcana-rise-of-the-floodborn-namaari-morning-mist-enchanted-enchanted_near-mint_holofoil,Near Mint,23.95,2026-03-18
539156,Chernabog - Evildoer (Enchanted),into-the-inklands-disney-lorcana,disney-lorcana-into-the-inklands-chernabog-evildoer-enchanted-enchanted_near-mint_holofoil,Near Mint,48.79,2026-03-18
539273,Kida - Protector of Atlantis (Enchanted),into-the-inklands-disney-lorcana,disney-lorcana-into-the-inklands-kida-protector-of-atlantis-enchanted-enchanted_near-mint_holofoil,Near Mint,32.01,2026-03-18
539157,Pride Lands - Pride Rock (Enchanted),into-the-inklands-disney-lorcana,disney-lorcana-into-the-inklands-pride-lands-pride-rock-enchanted-enchanted_near-mint_holofoil,Near Mint,20.32,2026-03-18
539158,Jafar - Striking Illusionist (Enchanted),into-the-inklands-disney-lorcana,disney-lorcana-into-the-inklands-jafar-striking-illusionist-enchanted-enchanted_near-mint_holofoil,Near Mint,46.06,2026-03-18
539159,Maleficent - Mistress of All Evil (Enchanted),into-the-inklands-disney-lorcana,disney-lorcana-into-the-inklands-maleficent-mistress-of-all-evil-enchanted-enchanted_near-mint_holofoil,Near Mint,37.22,2026-03-18
539162,The Sorcerer's Hat (Enchanted),into-the-inklands-disney-lorcana,disney-lorcana-into-the-inklands-the-sorcerer-s-hat-enchanted-enchanted_near-mint_holofoil,Near Mint,32.33,2026-03-18
539163,Morph - Space Goo (Enchanted),into-the-inklands-disney-lorcana,disney-lorcana-into-the-inklands-morph-space-goo-enchanted-enchanted_near-mint_holofoil,Near Mint,65.09,2026-03-18
539164,Ursula - Deceiver of All (Enchanted),into-the-inklands-disney-lorcana,disney-lorcana-into-the-inklands-ursula-deceiver-of-all-enchanted-enchanted_near-mint_holofoil,Near Mint,61.75,2026-03-18
539165,Kuzco's Palace - Home of the Emperor (Enchanted),into-the-inklands-disney-lorcana,disney-lorcana-into-the-inklands-kuzco-s-palace-home-of-the-emperor-enchanted-enchanted_near-mint_holofoil,Near Mint,14.79,2026-03-18
539166,Captain Hook - Master Swordsman (Enchanted),into-the-inklands-disney-lorcana,disney-lorcana-into-the-inklands-captain-hook-master-swordsman-enchanted-enchanted_near-mint_holofoil,Near Mint,24.64,2026-03-18
539274,Peter Pan - Pirate's Bane (Enchanted),into-the-inklands-disney-lorcana,disney-lorcana-into-the-inklands-peter-pan-pirate-s-bane-enchanted-enchanted_near-mint_holofoil,Near Mint,31.53,2026-03-18
539167,RLS Legacy - Solar Galleon (Enchanted),into-the-inklands-disney-lorcana,disney-lorcana-into-the-inklands-rls-legacy-solar-galleon-enchanted-enchanted_near-mint_holofoil,Near Mint,17.07,2026-03-18
539275,Gramma Tala - Spirit of the Ocean (Enchanted),into-the-inklands-disney-lorcana,disney-lorcana-into-the-inklands-gramma-tala-spirit-of-the-ocean-enchanted-enchanted_near-mint_holofoil,Near Mint,21.18,2026-03-18
539168,Scrooge McDuck - Richest Duck in the World (Enchanted),into-the-inklands-disney-lorcana,disney-lorcana-into-the-inklands-scrooge-mcduck-richest-duck-in-the-world-enchanted-enchanted_near-mint_holofoil,Near Mint,46,2026-03-18
539169,Belle's House - Maurice's Workshop (Enchanted),into-the-inklands-disney-lorcana,disney-lorcana-into-the-inklands-belle-s-house-maurice-s-workshop-enchanted-enchanted_near-mint_holofoil,Near Mint,14.46,2026-03-18
539276,Mickey Mouse - Trumpeter (Enchanted),into-the-inklands-disney-lorcana,disney-lorcana-into-the-inklands-mickey-mouse-trumpeter-enchanted-enchanted_near-mint_holofoil,Near Mint,54.19,2026-03-18
539171,Robin Hood - Champion of Sherwood (Enchanted),into-the-inklands-disney-lorcana,disney-lorcana-into-the-inklands-robin-hood-champion-of-sherwood-enchanted-enchanted_near-mint_holofoil,Near Mint,59.85,2026-03-18
539173,And Then Along Came Zeus (Enchanted),into-the-inklands-disney-lorcana,disney-lorcana-into-the-inklands-and-then-along-came-zeus-enchanted-enchanted_near-mint_holofoil,Near Mint,56.24,2026-03-18
550544,Cinderella - Melody Weaver (Enchanted),ursula-s-return-disney-lorcana,disney-lorcana-ursula-s-return-cinderella-melody-weaver-enchanted-enchanted_near-mint_holofoil,Near Mint,37.06,2026-03-18
550537,Minnie Mouse - Musketeer Champion (Enchanted),ursula-s-return-disney-lorcana,disney-lorcana-ursula-s-return-minnie-mouse-musketeer-champion-enchanted-enchanted_near-mint_holofoil,Near Mint,33.15,2026-03-18
550718,Look at This Family (Enchanted),ursula-s-return-disney-lorcana,disney-lorcana-ursula-s-return-look-at-this-family-enchanted-enchanted_near-mint_holofoil,Near Mint,28.79,2026-03-18
550844,Ursula - Sea Witch Queen (Enchanted),ursula-s-return-disney-lorcana,disney-lorcana-ursula-s-return-ursula-sea-witch-queen-enchanted-enchanted_near-mint_holofoil,Near Mint,24.93,2026-03-18
550538,Yen Sid - Powerful Sorcerer (Enchanted),ursula-s-return-disney-lorcana,disney-lorcana-ursula-s-return-yen-sid-powerful-sorcerer-enchanted-enchanted_near-mint_holofoil,Near Mint,25.88,2026-03-18
551943,Second Star to the Right (Enchanted),ursula-s-return-disney-lorcana,disney-lorcana-ursula-s-return-second-star-to-the-right-enchanted-enchanted_near-mint_holofoil,Near Mint,39.51,2026-03-18
550535,Diablo - Devoted Herald (Enchanted),ursula-s-return-disney-lorcana,disney-lorcana-ursula-s-return-diablo-devoted-herald-enchanted-enchanted_near-mint_holofoil,Near Mint,57.48,2026-03-18
551944,Jasmine - Desert Warrior (Enchanted),ursula-s-return-disney-lorcana,disney-lorcana-ursula-s-return-jasmine-desert-warrior-enchanted-enchanted_near-mint_holofoil,Near Mint,47.56,2026-03-18
550541,We Don't Talk About Bruno (Enchanted),ursula-s-return-disney-lorcana,disney-lorcana-ursula-s-return-we-don-t-talk-about-bruno-enchanted-enchanted_near-mint_holofoil,Near Mint,28.27,2026-03-18
550542,Goofy - Super Goof (Enchanted),ursula-s-return-disney-lorcana,disney-lorcana-ursula-s-return-goofy-super-goof-enchanted-enchanted_near-mint_holofoil,Near Mint,38.22,2026-03-18
550839,Sisu - Empowered Sibling (Enchanted),ursula-s-return-disney-lorcana,disney-lorcana-ursula-s-return-sisu-empowered-sibling-enchanted-enchanted_near-mint_holofoil,Near Mint,48.89,2026-03-18
550838,Snuggly Duckling - Disreputable Pub (Enchanted),ursula-s-return-disney-lorcana,disney-lorcana-ursula-s-return-snuggly-duckling-disreputable-pub-enchanted-enchanted_near-mint_holofoil,Near Mint,13.19,2026-03-18
550674,Anna - True-Hearted (Enchanted),ursula-s-return-disney-lorcana,disney-lorcana-ursula-s-return-anna-true-hearted-enchanted-enchanted_near-mint_holofoil,Near Mint,33.01,2026-03-18
550540,The Queen - Diviner (Enchanted),ursula-s-return-disney-lorcana,disney-lorcana-ursula-s-return-the-queen-diviner-enchanted-enchanted_near-mint_holofoil,Near Mint,24.29,2026-03-18
550719,Ariel's Grotto - A Secret Place (Enchanted),ursula-s-return-disney-lorcana,disney-lorcana-ursula-s-return-ariel-s-grotto-a-secret-place-enchanted-enchanted_near-mint_holofoil,Near Mint,13.3,2026-03-18
550549,Ariel - Sonic Warrior (Enchanted),ursula-s-return-disney-lorcana,disney-lorcana-ursula-s-return-ariel-sonic-warrior-enchanted-enchanted_near-mint_holofoil,Near Mint,81.64,2026-03-18
550721,Piglet - Sturdy Swordsman (Enchanted),ursula-s-return-disney-lorcana,disney-lorcana-ursula-s-return-piglet-sturdy-swordsman-enchanted-enchanted_near-mint_holofoil,Near Mint,28.46,2026-03-18
550536,The Wall - Border Fortress (Enchanted),ursula-s-return-disney-lorcana,disney-lorcana-ursula-s-return-the-wall-border-fortress-enchanted-enchanted_near-mint_holofoil,Near Mint,12.43,2026-03-18
634261,Jafar - High Sultan of Lorcana (Store Championship),disney-lorcana-promo-cards-disney-lorcana,disney-lorcana-disney-lorcana-promo-cards-jafar-high-sultan-of-lorcana-store-championship-promo_near-mint_holofoil,Near Mint,15.09,2026-03-18
561993,Prince Naveen - Ukulele Player (Enchanted),shimmering-skies-disney-lorcana,disney-lorcana-shimmering-skies-prince-naveen-ukulele-player-enchanted-enchanted_near-mint_holofoil,Near Mint,37.96,2026-03-18
561992,Vanellope von Schweetz - Sugar Rush Princess (Enchanted),shimmering-skies-disney-lorcana,disney-lorcana-shimmering-skies-vanellope-von-schweetz-sugar-rush-princess-enchanted-enchanted_near-mint_holofoil,Near Mint,40.15,2026-03-18
561979,Revive (Enchanted),shimmering-skies-disney-lorcana,disney-lorcana-shimmering-skies-revive-enchanted-enchanted_near-mint_holofoil,Near Mint,19.86,2026-03-18
561977,Archimedes - Electrified Owl (Enchanted),shimmering-skies-disney-lorcana,disney-lorcana-shimmering-skies-archimedes-electrified-owl-enchanted-enchanted_near-mint_holofoil,Near Mint,25.44,2026-03-18
561994,Olaf - Happy Passenger (Enchanted),shimmering-skies-disney-lorcana,disney-lorcana-shimmering-skies-olaf-happy-passenger-enchanted-enchanted_near-mint_holofoil,Near Mint,38.28,2026-03-18
561982,Finders Keepers (Enchanted),shimmering-skies-disney-lorcana,disney-lorcana-shimmering-skies-finders-keepers-enchanted-enchanted_near-mint_holofoil,Near Mint,47.2,2026-03-18
561991,Clarabelle - Light on Her Hooves (Enchanted),shimmering-skies-disney-lorcana,disney-lorcana-shimmering-skies-clarabelle-light-on-her-hooves-enchanted-enchanted_near-mint_holofoil,Near Mint,98.78,2026-03-18
561980,Scar - Vengeful Lion (Enchanted),shimmering-skies-disney-lorcana,disney-lorcana-shimmering-skies-scar-vengeful-lion-enchanted-enchanted_near-mint_holofoil,Near Mint,48.55,2026-03-18
561983,You're Welcome (Enchanted),shimmering-skies-disney-lorcana,disney-lorcana-shimmering-skies-you-re-welcome-enchanted-enchanted_near-mint_holofoil,Near Mint,89.23,2026-03-18
559716,Donald Duck - Pie Slinger (Enchanted),shimmering-skies-disney-lorcana,disney-lorcana-shimmering-skies-donald-duck-pie-slinger-enchanted-enchanted_near-mint_holofoil,Near Mint,36.63,2026-03-18
561984,Robin Hood - Sharpshooter (Enchanted),shimmering-skies-disney-lorcana,disney-lorcana-shimmering-skies-robin-hood-sharpshooter-enchanted-enchanted_near-mint_holofoil,Near Mint,61.22,2026-03-18
562000,Ratigan's Party - Seedy Back Room (Enchanted),shimmering-skies-disney-lorcana,disney-lorcana-shimmering-skies-ratigan-s-party-seedy-back-room-enchanted-enchanted_near-mint_holofoil,Near Mint,15.13,2026-03-18
562021,Mufasa - Ruler of Pride Rock (Enchanted),shimmering-skies-disney-lorcana,disney-lorcana-shimmering-skies-mufasa-ruler-of-pride-rock-enchanted-enchanted_near-mint_holofoil,Near Mint,129.96,2026-03-18
561995,King Candy - Sweet Abomination (Enchanted),shimmering-skies-disney-lorcana,disney-lorcana-shimmering-skies-king-candy-sweet-abomination-enchanted-enchanted_near-mint_holofoil,Near Mint,23.85,2026-03-18
561976,Royal Tantrum (Enchanted),shimmering-skies-disney-lorcana,disney-lorcana-shimmering-skies-royal-tantrum-enchanted-enchanted_near-mint_holofoil,Near Mint,29.8,2026-03-18
562007,Snow White - Fair-Hearted (Enchanted),shimmering-skies-disney-lorcana,disney-lorcana-shimmering-skies-snow-white-fair-hearted-enchanted-enchanted_near-mint_holofoil,Near Mint,65.98,2026-03-18
561981,Arthur - King Victorious (Enchanted),shimmering-skies-disney-lorcana,disney-lorcana-shimmering-skies-arthur-king-victorious-enchanted-enchanted_near-mint_holofoil,Near Mint,39.01,2026-03-18
561978,Bad-Anon - Villain Support Center (Enchanted),shimmering-skies-disney-lorcana,disney-lorcana-shimmering-skies-bad-anon-villain-support-center-enchanted-enchanted_near-mint_holofoil,Near Mint,17.28,2026-03-18
592030,Chip 'n' Dale - Recovery Rangers (Enchanted),azurite-sea-disney-lorcana,disney-lorcana-azurite-sea-chip-n-dale-recovery-rangers-enchanted-enchanted_near-mint_holofoil,Near Mint,37.72,2026-03-18
592031,Tiana - Restaurant Owner (Enchanted),azurite-sea-disney-lorcana,disney-lorcana-azurite-sea-tiana-restaurant-owner-enchanted-enchanted_near-mint_holofoil,Near Mint,60.74,2026-03-18
592001,Sugar Rush Speedway - Finish Line (Enchanted),azurite-sea-disney-lorcana,disney-lorcana-azurite-sea-sugar-rush-speedway-finish-line-enchanted-enchanted_near-mint_holofoil,Near Mint,26.46,2026-03-18
592032,Rafiki - Ethereal Guide (Enchanted),azurite-sea-disney-lorcana,disney-lorcana-azurite-sea-rafiki-ethereal-guide-enchanted-enchanted_near-mint_holofoil,Near Mint,27.24,2026-03-18
592013,Yzma - Conniving Chemist (Enchanted),azurite-sea-disney-lorcana,disney-lorcana-azurite-sea-yzma-conniving-chemist-enchanted-enchanted_near-mint_holofoil,Near Mint,46.62,2026-03-18
592034,Maleficent's Staff (Enchanted),azurite-sea-disney-lorcana,disney-lorcana-azurite-sea-maleficent-s-staff-enchanted-enchanted_near-mint_holofoil,Near Mint,27.8,2026-03-18
592040,Daisy Duck - Pirate Captain (Enchanted),azurite-sea-disney-lorcana,disney-lorcana-azurite-sea-daisy-duck-pirate-captain-enchanted-enchanted_near-mint_holofoil,Near Mint,32.27,2026-03-18
591994,Basil - Disguised Detective (Enchanted),azurite-sea-disney-lorcana,disney-lorcana-azurite-sea-basil-disguised-detective-enchanted-enchanted_near-mint_holofoil,Near Mint,52.7,2026-03-18
591998,You Came Back (Enchanted),azurite-sea-disney-lorcana,disney-lorcana-azurite-sea-you-came-back-enchanted-enchanted_near-mint_holofoil,Near Mint,62.17,2026-03-18
592036,Raya - Kumandran Rider (Enchanted),azurite-sea-disney-lorcana,disney-lorcana-azurite-sea-raya-kumandran-rider-enchanted-enchanted_near-mint_holofoil,Near Mint,37.99,2026-03-18
592037,Tigger - In the Crow's Nest (Enchanted),azurite-sea-disney-lorcana,disney-lorcana-azurite-sea-tigger-in-the-crow-s-nest-enchanted-enchanted_near-mint_holofoil,Near Mint,57.77,2026-03-18
592000,The Islands I Pulled From The Sea (Enchanted),azurite-sea-disney-lorcana,disney-lorcana-azurite-sea-the-islands-i-pulled-from-the-sea-enchanted-enchanted_near-mint_holofoil,Near Mint,25,2026-03-18
592038,Gadget Hackwrench - Brilliant Bosun (Enchanted),azurite-sea-disney-lorcana,disney-lorcana-azurite-sea-gadget-hackwrench-brilliant-bosun-enchanted-enchanted_near-mint_holofoil,Near Mint,26.62,2026-03-18
591999,Baymax - Personal Healthcare Companion (Enchanted),azurite-sea-disney-lorcana,disney-lorcana-azurite-sea-baymax-personal-healthcare-companion-enchanted-enchanted_near-mint_holofoil,Near Mint,55.05,2026-03-18
592012,We Could Be Immortals (Enchanted),azurite-sea-disney-lorcana,disney-lorcana-azurite-sea-we-could-be-immortals-enchanted-enchanted_near-mint_holofoil,Near Mint,32.74,2026-03-18
590822,Wreck-It Ralph - Ham Hands (Enchanted),azurite-sea-disney-lorcana,disney-lorcana-azurite-sea-wreck-it-ralph-ham-hands-enchanted-enchanted_near-mint_holofoil,Near Mint,24.68,2026-03-18
592014,Captain Amelia - Commander of the Legacy (Enchanted),azurite-sea-disney-lorcana,disney-lorcana-azurite-sea-captain-amelia-commander-of-the-legacy-enchanted-enchanted_near-mint_holofoil,Near Mint,27.62,2026-03-18
593162,Treasure Mountain - Azurite Sea Island (Enchanted),azurite-sea-disney-lorcana,disney-lorcana-azurite-sea-treasure-mountain-azurite-sea-island-enchanted-enchanted_near-mint_holofoil,Near Mint,16.09,2026-03-18
619733,Aurora - Waking Beauty (Enchanted),archazia-s-island-disney-lorcana,disney-lorcana-archazia-s-island-aurora-waking-beauty-enchanted-enchanted_near-mint_holofoil,Near Mint,109.72,2026-03-18
619734,Mirabel Madrigal - Musically Talented (Enchanted),archazia-s-island-disney-lorcana,disney-lorcana-archazia-s-island-mirabel-madrigal-musically-talented-enchanted-enchanted_near-mint_holofoil,Near Mint,50.09,2026-03-18
619735,Bolt - Superdog (Enchanted),archazia-s-island-disney-lorcana,disney-lorcana-archazia-s-island-bolt-superdog-enchanted-enchanted_near-mint_holofoil,Near Mint,60.5,2026-03-18
619736,The Glass Slipper (Enchanted),archazia-s-island-disney-lorcana,disney-lorcana-archazia-s-island-the-glass-slipper-enchanted-enchanted_near-mint_holofoil,Near Mint,35.51,2026-03-18
619737,Donald Duck - Flustered Sorcerer (Enchanted),archazia-s-island-disney-lorcana,disney-lorcana-archazia-s-island-donald-duck-flustered-sorcerer-enchanted-enchanted_near-mint_holofoil,Near Mint,85.01,2026-03-18
619738,Jafar - Newly Crowned (Enchanted),archazia-s-island-disney-lorcana,disney-lorcana-archazia-s-island-jafar-newly-crowned-enchanted-enchanted_near-mint_holofoil,Near Mint,48.54,2026-03-18
619739,Show Me More! (Enchanted),archazia-s-island-disney-lorcana,disney-lorcana-archazia-s-island-show-me-more-enchanted-enchanted_near-mint_holofoil,Near Mint,52.3,2026-03-18
619740,Tramp - Enterprising Dog (Enchanted),archazia-s-island-disney-lorcana,disney-lorcana-archazia-s-island-tramp-enterprising-dog-enchanted-enchanted_near-mint_holofoil,Near Mint,92.06,2026-03-18
619741,Mad Hatter - Unruly Eccentric (Enchanted),archazia-s-island-disney-lorcana,disney-lorcana-archazia-s-island-mad-hatter-unruly-eccentric-enchanted-enchanted_near-mint_holofoil,Near Mint,42.79,2026-03-18
619742,Hiro Hamada - Armor Designer (Enchanted),archazia-s-island-disney-lorcana,disney-lorcana-archazia-s-island-hiro-hamada-armor-designer-enchanted-enchanted_near-mint_holofoil,Near Mint,30.93,2026-03-18
619743,The Return of Hercules (Enchanted),archazia-s-island-disney-lorcana,disney-lorcana-archazia-s-island-the-return-of-hercules-enchanted-enchanted_near-mint_holofoil,Near Mint,51.93,2026-03-18
619744,Ratigan - Nefarious Criminal (Enchanted),archazia-s-island-disney-lorcana,disney-lorcana-archazia-s-island-ratigan-nefarious-criminal-enchanted-enchanted_near-mint_holofoil,Near Mint,26.08,2026-03-18
619745,Belle - Mechanic Extraordinaire (Enchanted),archazia-s-island-disney-lorcana,disney-lorcana-archazia-s-island-belle-mechanic-extraordinaire-enchanted-enchanted_near-mint_holofoil,Near Mint,85.88,2026-03-18
619746,Devil's Eye Diamond (Enchanted),archazia-s-island-disney-lorcana,disney-lorcana-archazia-s-island-devil-s-eye-diamond-enchanted-enchanted_near-mint_holofoil,Near Mint,21.21,2026-03-18
619747,Tamatoa - Happy as a Clam (Enchanted),archazia-s-island-disney-lorcana,disney-lorcana-archazia-s-island-tamatoa-happy-as-a-clam-enchanted-enchanted_near-mint_holofoil,Near Mint,155.8,2026-03-18
619748,All Is Found (Enchanted),archazia-s-island-disney-lorcana,disney-lorcana-archazia-s-island-all-is-found-enchanted-enchanted_near-mint_holofoil,Near Mint,107.82,2026-03-18
619749,Mickey Mouse - Inspirational Warrior (Enchanted),archazia-s-island-disney-lorcana,disney-lorcana-archazia-s-island-mickey-mouse-inspirational-warrior-enchanted-enchanted_near-mint_holofoil,Near Mint,65.31,2026-03-18
619750,Restoring Atlantis (Enchanted),archazia-s-island-disney-lorcana,disney-lorcana-archazia-s-island-restoring-atlantis-enchanted-enchanted_near-mint_holofoil,Near Mint,34.04,2026-03-18
633053,Lady - Decisive Dog (Enchanted),reign-of-jafar-disney-lorcana,disney-lorcana-reign-of-jafar-lady-decisive-dog-enchanted-enchanted_near-mint_holofoil,Near Mint,108.93,2026-03-18
632252,Wreck-It Ralph - Big Lug (Enchanted),reign-of-jafar-disney-lorcana,disney-lorcana-reign-of-jafar-wreck-it-ralph-big-lug-enchanted-enchanted_near-mint_holofoil,Near Mint,37.2,2026-03-18
632686,Perdita - Determined Mother (Enchanted),reign-of-jafar-disney-lorcana,disney-lorcana-reign-of-jafar-perdita-determined-mother-enchanted-enchanted_near-mint_holofoil,Near Mint,55.49,2026-03-18
631992,It Means No Worries (Enchanted),reign-of-jafar-disney-lorcana,disney-lorcana-reign-of-jafar-it-means-no-worries-enchanted-enchanted_near-mint_holofoil,Near Mint,98.65,2026-03-18
633099,Bambi - Little Prince (Enchanted),reign-of-jafar-disney-lorcana,disney-lorcana-reign-of-jafar-bambi-little-prince-enchanted-enchanted_near-mint_holofoil,Near Mint,66.95,2026-03-18
632245,Kuzco - Impulsive Llama (Enchanted),reign-of-jafar-disney-lorcana,disney-lorcana-reign-of-jafar-kuzco-impulsive-llama-enchanted-enchanted_near-mint_holofoil,Near Mint,74.63,2026-03-18
632208,Mother Gothel - Knows What's Best (Enchanted),reign-of-jafar-disney-lorcana,disney-lorcana-reign-of-jafar-mother-gothel-knows-what-s-best-enchanted-enchanted_near-mint_holofoil,Near Mint,37.82,2026-03-18
631975,Fantastical and Magical (Enchanted),reign-of-jafar-disney-lorcana,disney-lorcana-reign-of-jafar-fantastical-and-magical-enchanted-enchanted_near-mint_holofoil,Near Mint,33.39,2026-03-18
632720,Into the Unknown (Enchanted),reign-of-jafar-disney-lorcana,disney-lorcana-reign-of-jafar-into-the-unknown-enchanted-enchanted_near-mint_holofoil,Near Mint,217.88,2026-03-18
633103,Rapunzel - High Climber (Enchanted),reign-of-jafar-disney-lorcana,disney-lorcana-reign-of-jafar-rapunzel-high-climber-enchanted-enchanted_near-mint_holofoil,Near Mint,125.53,2026-03-18
632251,Captain Hook - The Pirate King (Enchanted),reign-of-jafar-disney-lorcana,disney-lorcana-reign-of-jafar-captain-hook-the-pirate-king-enchanted-enchanted_near-mint_holofoil,Near Mint,38.79,2026-03-18
631988,Wrong Lever! (Enchanted),reign-of-jafar-disney-lorcana,disney-lorcana-reign-of-jafar-wrong-lever-enchanted-enchanted_near-mint_holofoil,Near Mint,48.26,2026-03-18
632684,Lilo - Causing an Uproar (Enchanted),reign-of-jafar-disney-lorcana,disney-lorcana-reign-of-jafar-lilo-causing-an-uproar-enchanted-enchanted_near-mint_holofoil,Near Mint,79.59,2026-03-18
632228,Mushu - Your Worst Nightmare (Enchanted),reign-of-jafar-disney-lorcana,disney-lorcana-reign-of-jafar-mushu-your-worst-nightmare-enchanted-enchanted_near-mint_holofoil,Near Mint,70.3,2026-03-18
631989,The Sword of Shan Yu (Enchanted),reign-of-jafar-disney-lorcana,disney-lorcana-reign-of-jafar-the-sword-of-shan-yu-enchanted-enchanted_near-mint_holofoil,Near Mint,23.14,2026-03-18
633104,Stitch - Experiment 626 (Enchanted),reign-of-jafar-disney-lorcana,disney-lorcana-reign-of-jafar-stitch-experiment-626-enchanted-enchanted_near-mint_holofoil,Near Mint,123.12,2026-03-18
633098,Jasmine - Steady Strategist (Enchanted),reign-of-jafar-disney-lorcana,disney-lorcana-reign-of-jafar-jasmine-steady-strategist-enchanted-enchanted_near-mint_holofoil,Near Mint,126.08,2026-03-18
631990,Desperate Plan (Enchanted),reign-of-jafar-disney-lorcana,disney-lorcana-reign-of-jafar-desperate-plan-enchanted-enchanted_near-mint_holofoil,Near Mint,37.34,2026-03-18
650141,The Queen - Conceited Ruler (Epic),fabled-disney-lorcana,disney-lorcana-fabled-the-queen-conceited-ruler-epic-epic_near-mint_holofoil,Near Mint,2.29,2026-03-18
650142,Aurora - Holding Court (Epic),fabled-disney-lorcana,disney-lorcana-fabled-aurora-holding-court-epic-epic_near-mint_holofoil,Near Mint,15.64,2026-03-18
650143,Stitch - Alien Dancer (Epic),fabled-disney-lorcana,disney-lorcana-fabled-stitch-alien-dancer-epic-epic_near-mint_holofoil,Near Mint,5.87,2026-03-18
650145,Ursula - Sea Witch (Epic),fabled-disney-lorcana,disney-lorcana-fabled-ursula-sea-witch-epic-epic_near-mint_holofoil,Near Mint,2.81,2026-03-18
647657,Kuzco - Wanted Llama (Epic),fabled-disney-lorcana,disney-lorcana-fabled-kuzco-wanted-llama-epic-epic_near-mint_holofoil,Near Mint,4.09,2026-03-18
647660,Elsa - Snow Queen (Epic),fabled-disney-lorcana,disney-lorcana-fabled-elsa-snow-queen-epic-epic_near-mint_holofoil,Near Mint,8.4,2026-03-18
650147,Goofy - Set for Adventure (Epic),fabled-disney-lorcana,disney-lorcana-fabled-goofy-set-for-adventure-epic-epic_near-mint_holofoil,Near Mint,4.24,2026-03-18
650149,Pegasus - Gift for Hercules (Epic),fabled-disney-lorcana,disney-lorcana-fabled-pegasus-gift-for-hercules-epic-epic_near-mint_holofoil,Near Mint,4.72,2026-03-18
647659,Stand Out (Epic),fabled-disney-lorcana,disney-lorcana-fabled-stand-out-epic-epic_near-mint_holofoil,Near Mint,3.6,2026-03-18
650150,Max Goof - Rockin' Teen (Epic),fabled-disney-lorcana,disney-lorcana-fabled-max-goof-rockin-teen-epic-epic_near-mint_holofoil,Near Mint,5.3,2026-03-18
650151,Powerline - Musical Superstar (Epic),fabled-disney-lorcana,disney-lorcana-fabled-powerline-musical-superstar-epic-epic_near-mint_holofoil,Near Mint,5.6,2026-03-18
650152,Be King Undisputed (Epic),fabled-disney-lorcana,disney-lorcana-fabled-be-king-undisputed-epic-epic_near-mint_holofoil,Near Mint,7.79,2026-03-18
647656,Alice - Accidentally Adrift (Epic),fabled-disney-lorcana,disney-lorcana-fabled-alice-accidentally-adrift-epic-epic_near-mint_holofoil,Near Mint,4.82,2026-03-18
650153,Anna - Braving the Storm (Epic),fabled-disney-lorcana,disney-lorcana-fabled-anna-braving-the-storm-epic-epic_near-mint_holofoil,Near Mint,13.53,2026-03-18
650154,The Queen - Mirror Seeker (Epic),fabled-disney-lorcana,disney-lorcana-fabled-the-queen-mirror-seeker-epic-epic_near-mint_holofoil,Near Mint,1.97,2026-03-18
650155,Robin Hood - Capable Fighter (Epic),fabled-disney-lorcana,disney-lorcana-fabled-robin-hood-capable-fighter-epic-epic_near-mint_holofoil,Near Mint,3.16,2026-03-18
650156,Mickey Mouse - Standard Bearer (Epic),fabled-disney-lorcana,disney-lorcana-fabled-mickey-mouse-standard-bearer-epic-epic_near-mint_holofoil,Near Mint,3.76,2026-03-18
650157,One Last Hope (Epic),fabled-disney-lorcana,disney-lorcana-fabled-one-last-hope-epic-epic_near-mint_holofoil,Near Mint,3.45,2026-03-18
651110,Pongo - Determined Father (Enchanted),fabled-disney-lorcana,disney-lorcana-fabled-pongo-determined-father-enchanted-enchanted_near-mint_holofoil,Near Mint,77.83,2026-03-18
651122,Beast - Gracious Prince (Enchanted),fabled-disney-lorcana,disney-lorcana-fabled-beast-gracious-prince-enchanted-enchanted_near-mint_holofoil,Near Mint,75.67,2026-03-18
649230,Circle of Life (Enchanted),fabled-disney-lorcana,disney-lorcana-fabled-circle-of-life-enchanted-enchanted_near-mint_holofoil,Near Mint,130.1,2026-03-18
651121,Belle - Accomplished Mystic (Enchanted),fabled-disney-lorcana,disney-lorcana-fabled-belle-accomplished-mystic-enchanted-enchanted_near-mint_holofoil,Near Mint,158.03,2026-03-18
651107,Winnie the Pooh - Hunny Wizard (Enchanted),fabled-disney-lorcana,disney-lorcana-fabled-winnie-the-pooh-hunny-wizard-enchanted-enchanted_near-mint_holofoil,Near Mint,350.28,2026-03-18
651119,Dumbo - Ninth Wonder of the Universe (Enchanted),fabled-disney-lorcana,disney-lorcana-fabled-dumbo-ninth-wonder-of-the-universe-enchanted-enchanted_near-mint_holofoil,Near Mint,237.16,2026-03-18
651118,Genie - Of the Lamp (Enchanted),fabled-disney-lorcana,disney-lorcana-fabled-genie-of-the-lamp-enchanted-enchanted_near-mint_holofoil,Near Mint,65.58,2026-03-18
651113,Max Goof - Chart Topper (Enchanted),fabled-disney-lorcana,disney-lorcana-fabled-max-goof-chart-topper-enchanted-enchanted_near-mint_holofoil,Near Mint,99.37,2026-03-18
651112,Mickey Mouse - Steamboat Pilot (Enchanted),fabled-disney-lorcana,disney-lorcana-fabled-mickey-mouse-steamboat-pilot-enchanted-enchanted_near-mint_holofoil,Near Mint,140.71,2026-03-18
651123,Ariel - Adventurous Collector (Enchanted),fabled-disney-lorcana,disney-lorcana-fabled-ariel-adventurous-collector-enchanted-enchanted_near-mint_holofoil,Near Mint,211.1,2026-03-18
649231,Powerline - World's Greatest Rock Star (Enchanted),fabled-disney-lorcana,disney-lorcana-fabled-powerline-world-s-greatest-rock-star-enchanted-enchanted_near-mint_holofoil,Near Mint,100.61,2026-03-18
651116,I2I (Enchanted),fabled-disney-lorcana,disney-lorcana-fabled-i2i-enchanted-enchanted_near-mint_holofoil,Near Mint,167.95,2026-03-18
651111,Mulan - Considerate Diplomat (Enchanted),fabled-disney-lorcana,disney-lorcana-fabled-mulan-considerate-diplomat-enchanted-enchanted_near-mint_holofoil,Near Mint,67.59,2026-03-18
651120,Cruella De Vil - Style Icon (Enchanted),fabled-disney-lorcana,disney-lorcana-fabled-cruella-de-vil-style-icon-enchanted-enchanted_near-mint_holofoil,Near Mint,60.39,2026-03-18
651117,Hades - Infernal Schemer (Enchanted),fabled-disney-lorcana,disney-lorcana-fabled-hades-infernal-schemer-enchanted-enchanted_near-mint_holofoil,Near Mint,196.29,2026-03-18
649236,Lilo - Best Explorer Ever (Enchanted),fabled-disney-lorcana,disney-lorcana-fabled-lilo-best-explorer-ever-enchanted-enchanted_near-mint_holofoil,Near Mint,85.63,2026-03-18
651108,Scar - Finally King (Enchanted),fabled-disney-lorcana,disney-lorcana-fabled-scar-finally-king-enchanted-enchanted_near-mint_holofoil,Near Mint,127.59,2026-03-18
651114,Jasmine - Fearless Princess (Enchanted),fabled-disney-lorcana,disney-lorcana-fabled-jasmine-fearless-princess-enchanted-enchanted_near-mint_holofoil,Near Mint,91.12,2026-03-18
651106,Minnie Mouse - Sweetheart Princess (Iconic),fabled-disney-lorcana,disney-lorcana-fabled-minnie-mouse-sweetheart-princess-iconic-iconic_near-mint_holofoil,Near Mint,868.73,2026-03-18
647663,Mickey Mouse - Brave Little Prince (Iconic),fabled-disney-lorcana,disney-lorcana-fabled-mickey-mouse-brave-little-prince-iconic-iconic_near-mint_holofoil,Near Mint,1634.95,2026-03-18
660359,Goofy - Ghost Hunter (Epic),whispers-in-the-well-disney-lorcana,disney-lorcana-whispers-in-the-well-goofy-ghost-hunter-epic-epic_near-mint_holofoil,Near Mint,2.41,2026-03-18
657888,Gaston - Frightful Bully (Epic),whispers-in-the-well-disney-lorcana,disney-lorcana-whispers-in-the-well-gaston-frightful-bully-epic-epic_near-mint_holofoil,Near Mint,2.2,2026-03-18
660013,The Horseman Strikes! (Epic),whispers-in-the-well-disney-lorcana,disney-lorcana-whispers-in-the-well-the-horseman-strikes-epic-epic_near-mint_holofoil,Near Mint,8.02,2026-03-18
660188,Elsa - Exploring the Unknown (Epic),whispers-in-the-well-disney-lorcana,disney-lorcana-whispers-in-the-well-elsa-exploring-the-unknown-epic-epic_near-mint_holofoil,Near Mint,5.33,2026-03-18
660189,Merlin - Completing His Research (Epic),whispers-in-the-well-disney-lorcana,disney-lorcana-whispers-in-the-well-merlin-completing-his-research-epic-epic_near-mint_holofoil,Near Mint,3.79,2026-03-18
658323,The Horned King - Triumphant Ghoul (Epic),whispers-in-the-well-disney-lorcana,disney-lorcana-whispers-in-the-well-the-horned-king-triumphant-ghoul-epic-epic_near-mint_holofoil,Near Mint,2.25,2026-03-18
660190,Webby Vanderquack - Mystery Enthusiast (Epic),whispers-in-the-well-disney-lorcana,disney-lorcana-whispers-in-the-well-webby-vanderquack-mystery-enthusiast-epic-epic_near-mint_holofoil,Near Mint,6.2,2026-03-18
660191,Kaa - Secretive Snake (Epic),whispers-in-the-well-disney-lorcana,disney-lorcana-whispers-in-the-well-kaa-secretive-snake-epic-epic_near-mint_holofoil,Near Mint,1.88,2026-03-18
658217,Megara - Secret Keeper (Epic),whispers-in-the-well-disney-lorcana,disney-lorcana-whispers-in-the-well-megara-secret-keeper-epic-epic_near-mint_holofoil,Near Mint,2.74,2026-03-18
660268,Tinker Bell - Fancy Footwork (Epic),whispers-in-the-well-disney-lorcana,disney-lorcana-whispers-in-the-well-tinker-bell-fancy-footwork-epic-epic_near-mint_holofoil,Near Mint,6.03,2026-03-18
660362,Mulan - Standing Her Ground (Epic),whispers-in-the-well-disney-lorcana,disney-lorcana-whispers-in-the-well-mulan-standing-her-ground-epic-epic_near-mint_holofoil,Near Mint,1.89,2026-03-18
660269,Aladdin - Barreling Through (Epic),whispers-in-the-well-disney-lorcana,disney-lorcana-whispers-in-the-well-aladdin-barreling-through-epic-epic_near-mint_holofoil,Near Mint,2.36,2026-03-18
660363,Daisy Duck - Ghost Finder (Epic),whispers-in-the-well-disney-lorcana,disney-lorcana-whispers-in-the-well-daisy-duck-ghost-finder-epic-epic_near-mint_holofoil,Near Mint,2.23,2026-03-18
660270,Kristoff - Mining the Ruins (Epic),whispers-in-the-well-disney-lorcana,disney-lorcana-whispers-in-the-well-kristoff-mining-the-ruins-epic-epic_near-mint_holofoil,Near Mint,3.16,2026-03-18
660271,Sudden Scare (Epic),whispers-in-the-well-disney-lorcana,disney-lorcana-whispers-in-the-well-sudden-scare-epic-epic_near-mint_holofoil,Near Mint,4.38,2026-03-18
660364,Minnie Mouse - Ghost Hunter (Epic),whispers-in-the-well-disney-lorcana,disney-lorcana-whispers-in-the-well-minnie-mouse-ghost-hunter-epic-epic_near-mint_holofoil,Near Mint,2.31,2026-03-18
660272,Robin Hood - Ephemeral Archer (Epic),whispers-in-the-well-disney-lorcana,disney-lorcana-whispers-in-the-well-robin-hood-ephemeral-archer-epic-epic_near-mint_holofoil,Near Mint,3.34,2026-03-18
660026,He Hurled His Thunderbolt (Epic),whispers-in-the-well-disney-lorcana,disney-lorcana-whispers-in-the-well-he-hurled-his-thunderbolt-epic-epic_near-mint_holofoil,Near Mint,9.64,2026-03-18
660365,Goofy - Galumphing Gumshoe (Enchanted),whispers-in-the-well-disney-lorcana,disney-lorcana-whispers-in-the-well-goofy-galumphing-gumshoe-enchanted-enchanted_near-mint_holofoil,Near Mint,47.06,2026-03-18
658449,Simba - King in the Making (Enchanted),whispers-in-the-well-disney-lorcana,disney-lorcana-whispers-in-the-well-simba-king-in-the-making-enchanted-enchanted_near-mint_holofoil,Near Mint,83.64,2026-03-18
658884,The Black Cauldron (Enchanted),whispers-in-the-well-disney-lorcana,disney-lorcana-whispers-in-the-well-the-black-cauldron-enchanted-enchanted_near-mint_holofoil,Near Mint,81.25,2026-03-18
660044,The Horned King - Wicked Ruler (Enchanted),whispers-in-the-well-disney-lorcana,disney-lorcana-whispers-in-the-well-the-horned-king-wicked-ruler-enchanted-enchanted_near-mint_holofoil,Near Mint,51.53,2026-03-18
658215,Demona - Scourge of the Wyvern Clan (Enchanted),whispers-in-the-well-disney-lorcana,disney-lorcana-whispers-in-the-well-demona-scourge-of-the-wyvern-clan-enchanted-enchanted_near-mint_holofoil,Near Mint,162.18,2026-03-18
660041,Can't Hold It Back Anymore (Enchanted),whispers-in-the-well-disney-lorcana,disney-lorcana-whispers-in-the-well-can-t-hold-it-back-anymore-enchanted-enchanted_near-mint_holofoil,Near Mint,88.81,2026-03-18
660173,Webby Vanderquack - Junior Prospector (Enchanted),whispers-in-the-well-disney-lorcana,disney-lorcana-whispers-in-the-well-webby-vanderquack-junior-prospector-enchanted-enchanted_near-mint_holofoil,Near Mint,75.78,2026-03-18
659443,Baloo - Carefree Bear (Enchanted),whispers-in-the-well-disney-lorcana,disney-lorcana-whispers-in-the-well-baloo-carefree-bear-enchanted-enchanted_near-mint_holofoil,Near Mint,38.81,2026-03-18
660027,"Malicious, Mean, and Scary (Enchanted)",whispers-in-the-well-disney-lorcana,disney-lorcana-whispers-in-the-well-malicious-mean-and-scary-enchanted-enchanted_near-mint_holofoil,Near Mint,72.33,2026-03-18
660012,The Headless Horseman - Terror of Sleepy Hollow (Enchanted),whispers-in-the-well-disney-lorcana,disney-lorcana-whispers-in-the-well-the-headless-horseman-terror-of-sleepy-hollow-enchanted-enchanted_near-mint_holofoil,Near Mint,123.95,2026-03-18
660042,Lady Tremaine - Sinister Socialite (Enchanted),whispers-in-the-well-disney-lorcana,disney-lorcana-whispers-in-the-well-lady-tremaine-sinister-socialite-enchanted-enchanted_near-mint_holofoil,Near Mint,41.38,2026-03-18
660028,"Next Stop, Olympus (Enchanted)",whispers-in-the-well-disney-lorcana,disney-lorcana-whispers-in-the-well-next-stop-olympus-enchanted-enchanted_near-mint_holofoil,Near Mint,52.03,2026-03-18
660043,Judy Hopps - Lead Detective (Enchanted),whispers-in-the-well-disney-lorcana,disney-lorcana-whispers-in-the-well-judy-hopps-lead-detective-enchanted-enchanted_near-mint_holofoil,Near Mint,78.91,2026-03-18
660029,Cinderella - Dream Come True (Enchanted),whispers-in-the-well-disney-lorcana,disney-lorcana-whispers-in-the-well-cinderella-dream-come-true-enchanted-enchanted_near-mint_holofoil,Near Mint,210.98,2026-03-18
660011,Spooky Sight (Enchanted),whispers-in-the-well-disney-lorcana,disney-lorcana-whispers-in-the-well-spooky-sight-enchanted-enchanted_near-mint_holofoil,Near Mint,153.69,2026-03-18
660035,Goliath - Clan Leader (Enchanted),whispers-in-the-well-disney-lorcana,disney-lorcana-whispers-in-the-well-goliath-clan-leader-enchanted-enchanted_near-mint_holofoil,Near Mint,101.87,2026-03-18
660030,Nick Wilde - Persistent Investigator (Enchanted),whispers-in-the-well-disney-lorcana,disney-lorcana-whispers-in-the-well-nick-wilde-persistent-investigator-enchanted-enchanted_near-mint_holofoil,Near Mint,54.01,2026-03-18
660031,The Sword of Hercules (Enchanted),whispers-in-the-well-disney-lorcana,disney-lorcana-whispers-in-the-well-the-sword-of-hercules-enchanted-enchanted_near-mint_holofoil,Near Mint,36.68,2026-03-18
657885,Ariel - Ethereal Voice (Iconic),whispers-in-the-well-disney-lorcana,disney-lorcana-whispers-in-the-well-ariel-ethereal-voice-iconic-iconic_near-mint_holofoil,Near Mint,467.59,2026-03-18
657889,Hades - Looking for a Deal (Iconic),whispers-in-the-well-disney-lorcana,disney-lorcana-whispers-in-the-well-hades-looking-for-a-deal-iconic-iconic_near-mint_holofoil,Near Mint,444.77,2026-03-18
677142,Tiana - Warm and Happy (Epic),winterspell-disney-lorcana,disney-lorcana-winterspell-tiana-warm-and-happy-epic-epic_near-mint_holofoil,Near Mint,2.56,2026-03-18
677143,Grandmother Willow - Ancient Advisor (Epic),winterspell-disney-lorcana,disney-lorcana-winterspell-grandmother-willow-ancient-advisor-epic-epic_near-mint_holofoil,Near Mint,19.19,2026-03-18
677144,Tigger - Bouncing All the Way (Epic),winterspell-disney-lorcana,disney-lorcana-winterspell-tigger-bouncing-all-the-way-epic-epic_near-mint_holofoil,Near Mint,14.3,2026-03-18
677145,Anna - Little Sister (Epic),winterspell-disney-lorcana,disney-lorcana-winterspell-anna-little-sister-epic-epic_near-mint_holofoil,Near Mint,4.04,2026-03-18
675280,Genie - Magical Researcher (Epic),winterspell-disney-lorcana,disney-lorcana-winterspell-genie-magical-researcher-epic-epic_near-mint_holofoil,Near Mint,13.31,2026-03-18
677146,Aladdin - On the Edge of Adventure (Epic),winterspell-disney-lorcana,disney-lorcana-winterspell-aladdin-on-the-edge-of-adventure-epic-epic_near-mint_holofoil,Near Mint,2.29,2026-03-18
677147,Mushu - Sneaky Dragon (Epic),winterspell-disney-lorcana,disney-lorcana-winterspell-mushu-sneaky-dragon-epic-epic_near-mint_holofoil,Near Mint,2.99,2026-03-18
677148,Minnie Mouse - Mrs. Cratchit (Epic),winterspell-disney-lorcana,disney-lorcana-winterspell-minnie-mouse-mrs-cratchit-epic-epic_near-mint_holofoil,Near Mint,3.47,2026-03-18
677149,Hercules - Spectral Demigod (Epic),winterspell-disney-lorcana,disney-lorcana-winterspell-hercules-spectral-demigod-epic-epic_near-mint_holofoil,Near Mint,3,2026-03-18
677150,Elsa - Concerned Sister (Epic),winterspell-disney-lorcana,disney-lorcana-winterspell-elsa-concerned-sister-epic-epic_near-mint_holofoil,Near Mint,3.66,2026-03-18
677151,Goofy - Klutzy Skier (Epic),winterspell-disney-lorcana,disney-lorcana-winterspell-goofy-klutzy-skier-epic-epic_near-mint_holofoil,Near Mint,3.07,2026-03-18
677152,Winnie the Pooh - Hungry Bear (Epic),winterspell-disney-lorcana,disney-lorcana-winterspell-winnie-the-pooh-hungry-bear-epic-epic_near-mint_holofoil,Near Mint,6.2,2026-03-18
677153,Jiminy Cricket - Ghost of Christmas Past (Epic),winterspell-disney-lorcana,disney-lorcana-winterspell-jiminy-cricket-ghost-of-christmas-past-epic-epic_near-mint_holofoil,Near Mint,3.18,2026-03-18
677154,Mickey Mouse - Bob Cratchit (Epic),winterspell-disney-lorcana,disney-lorcana-winterspell-mickey-mouse-bob-cratchit-epic-epic_near-mint_holofoil,Near Mint,3.51,2026-03-18
677155,Donald Duck - Along for the Ride (Epic),winterspell-disney-lorcana,disney-lorcana-winterspell-donald-duck-along-for-the-ride-epic-epic_near-mint_holofoil,Near Mint,3.28,2026-03-18
677156,Judy Hopps - Snowball Patrol (Epic),winterspell-disney-lorcana,disney-lorcana-winterspell-judy-hopps-snowball-patrol-epic-epic_near-mint_holofoil,Near Mint,4.2,2026-03-18
677157,Rapunzel - Ethereal Protector (Epic),winterspell-disney-lorcana,disney-lorcana-winterspell-rapunzel-ethereal-protector-epic-epic_near-mint_holofoil,Near Mint,3.2,2026-03-18
677158,Lilo - Rock Star (Enchanted),winterspell-disney-lorcana,disney-lorcana-winterspell-lilo-rock-star-enchanted-enchanted_near-mint_holofoil,Near Mint,92.26,2026-03-18
673068,Ohana Means Family (Enchanted),winterspell-disney-lorcana,disney-lorcana-winterspell-ohana-means-family-enchanted-enchanted_near-mint_holofoil,Near Mint,168.08,2026-03-18
677159,Raging Storm (Enchanted),winterspell-disney-lorcana,disney-lorcana-winterspell-raging-storm-enchanted-enchanted_near-mint_holofoil,Near Mint,137.96,2026-03-18
675279,Eeyore - In the Way (Enchanted),winterspell-disney-lorcana,disney-lorcana-winterspell-eeyore-in-the-way-enchanted-enchanted_near-mint_holofoil,Near Mint,186,2026-03-18
677160,Anna - Soothing Sister (Enchanted),winterspell-disney-lorcana,disney-lorcana-winterspell-anna-soothing-sister-enchanted-enchanted_near-mint_holofoil,Near Mint,100.78,2026-03-18
677161,Colors of the Wind (Enchanted),winterspell-disney-lorcana,disney-lorcana-winterspell-colors-of-the-wind-enchanted-enchanted_near-mint_holofoil,Near Mint,121.96,2026-03-18
677162,Mulan - Resourceful Recruit (Enchanted),winterspell-disney-lorcana,disney-lorcana-winterspell-mulan-resourceful-recruit-enchanted-enchanted_near-mint_holofoil,Near Mint,72.81,2026-03-18
677163,Tod - Knows All the Tricks (Enchanted),winterspell-disney-lorcana,disney-lorcana-winterspell-tod-knows-all-the-tricks-enchanted-enchanted_near-mint_holofoil,Near Mint,82.8,2026-03-18
675395,Freeze the Vine (Enchanted),winterspell-disney-lorcana,disney-lorcana-winterspell-freeze-the-vine-enchanted-enchanted_near-mint_holofoil,Near Mint,55.66,2026-03-18
677164,Negaduck - Public Enemy Number One (Enchanted),winterspell-disney-lorcana,disney-lorcana-winterspell-negaduck-public-enemy-number-one-enchanted-enchanted_near-mint_holofoil,Near Mint,74.18,2026-03-18
675515,Elsa - Ice Artisan (Enchanted),winterspell-disney-lorcana,disney-lorcana-winterspell-elsa-ice-artisan-enchanted-enchanted_near-mint_holofoil,Near Mint,140.19,2026-03-18
677165,The Cold Never Bothered Me (Enchanted),winterspell-disney-lorcana,disney-lorcana-winterspell-the-cold-never-bothered-me-enchanted-enchanted_near-mint_holofoil,Near Mint,85.62,2026-03-18
677166,Scrooge McDuck - Reformed Ebenezer (Enchanted),winterspell-disney-lorcana,disney-lorcana-winterspell-scrooge-mcduck-reformed-ebenezer-enchanted-enchanted_near-mint_holofoil,Near Mint,95,2026-03-18
677167,Belle - Snowfield Strategist (Enchanted),winterspell-disney-lorcana,disney-lorcana-winterspell-belle-snowfield-strategist-enchanted-enchanted_near-mint_holofoil,Near Mint,137.16,2026-03-18
677168,Tamatoa - Seeker of Shine (Enchanted),winterspell-disney-lorcana,disney-lorcana-winterspell-tamatoa-seeker-of-shine-enchanted-enchanted_near-mint_holofoil,Near Mint,74.48,2026-03-18
677169,Angel - Experiment 624 (Enchanted),winterspell-disney-lorcana,disney-lorcana-winterspell-angel-experiment-624-enchanted-enchanted_near-mint_holofoil,Near Mint,199.84,2026-03-18
677170,Darkwing Duck - Cool Under Pressure (Enchanted),winterspell-disney-lorcana,disney-lorcana-winterspell-darkwing-duck-cool-under-pressure-enchanted-enchanted_near-mint_holofoil,Near Mint,90.75,2026-03-18
677171,Let's Get Dangerous (Enchanted),winterspell-disney-lorcana,disney-lorcana-winterspell-let-s-get-dangerous-enchanted-enchanted_near-mint_holofoil,Near Mint,73.08,2026-03-18
673298,Pocahontas - Peacekeeper (Iconic),winterspell-disney-lorcana,disney-lorcana-winterspell-pocahontas-peacekeeper-iconic-iconic_near-mint_holofoil,Near Mint,381.22,2026-03-18
673300,Moana - Curious Explorer (Iconic),winterspell-disney-lorcana,disney-lorcana-winterspell-moana-curious-explorer-iconic-iconic_near-mint_holofoil,Near Mint,507.99,2026-03-18
